Survey_id,Ville_id,sex,Age,Married,Number_children,education_level,total_members,incoming_salary,incoming_own_farm,incoming_business,incoming_no_business,incoming_agricultural,labor_primary,lasting_investment,no_lasting_investmen,depressed,total_assets,total_expenses
603,100,1,Adult,1,0,12,2,0,1,0,0,0.43276126,0,0.12406128,0.73551682,1,0.55989234,0.78799159
1001,207,1,Adult,0,0,7,5,0,0,0,0,0.29355319,0,0.28516402,0.29147736,1,0.29134034,0.32420168
840,102,1,Adult,1,4,4,9,1,0,0,1,0.58007843,1,0.02056438,0.30135234,1,0.5054812,0.23096194
309,25,1,Adult,1,2,12,5,0,0,0,0,0.29355319,0,0.28516402,0.29147736,1,0.29134034,0.32420168
533,101,1,Youth,1,2,9,5,0,0,0,0,0.29355319,0,0.28516402,0.29147736,1,0.29134034,0.32420168
1152,18,1,Youth,1,4,14,6,0,1,0,0,0.20570349,0,0.0,0.8733979,1,0.82537982,0.39892576
210,27,0,Adult,0,5,9,6,1,0,0,0,0.18543048,1,0.29972699,0.12471945,1,0.15912112,0.23113983
1328,207,1,Youth,1,4,10,6,0,1,0,1,0.65846738,0,0.38104445,0.85866604,1,0.32023619,0.11694829
164,15,0,Youth,1,1,10,5,0,0,0,0,0.29355319,0,0.28516402,0.29147736,1,0.29134034,0.32420168
634,48,0,Adult,0,0,12,5,0,0,0,0,0.29355319,0,0.28516402,0.29147736,1,0.29134034,0.32420168
944,80,1,Youth,1,1,7,5,0,0,0,0,0.29355319,0,0.28516402,0.29147736,1,0.29134034,0.32420168
277,57,1,Adult,1,6,7,8,0,0,0,1,0.20570349,0,0.42620018,0.39000829,1,0.1926624,0.76760696
1061,207,1,Adult,1,0,1,2,0,0,0,1,0.29355319,0,0.87921441,0.24839815,1,0.66505339,0.21035755
145,30,0,Adult,1,1,10,3,0,1,0,1,0.71928642,0,0.00351648,0.20931265,1,0.47630025,0.26554673
85,17,0,Youth,1,1,8,3,0,0,0,0,0.12461145,0,0.12254379,0.39000833,1,0.22775476,0.22268211
1186,251,1,Adult,1,5,8,5,0,0,0,0,0.29355319,0,0.28516402,0.29147736,1,0.29134034,0.32420168
1370,78,1,Adult,1,2,6,4,0,1,0,0,0.11920531,0,0.10390394,0.43429595,1,0.59858958,0.44982451
349,27,0,Adult,0,0,6,5,0,0,0,0,0.29355319,0,0.28516402,0.29147736,1,0.29134034,0.32420168
186,6,1,Adult,0,3,7,5,0,0,1,1,0.09170159,0,0.90177759,0.49576127,1,0.72262601,0.11748667
1118,206,1,Youth,1,2,4,4,1,0,0,0,0.86795521,1,0.22700444,0.65529705,1,0.07412954,0.48879389
394,60,0,Adult,0,3,14,4,1,0,0,0,0.39491825,1,0.1469053,0.54423258,1,0.15252135,0.3491153
1202,159,1,Adult,1,7,4,9,0,1,0,0,0.19286391,0,0.09578524,0.24539423,1,0.49527796,0.79781761
31,5,1,Adult,1,2,18,4,0,0,0,0,0.20570349,1,0.48050066,0.10370351,1,0.55540049,0.6059699
250,42,1,Adult,1,4,9,7,0,0,1,1,0.55710236,0,0.16035047,0.24591215,1,0.85515366,0.49889832
802,13,1,Adult,0,4,9,8,0,1,0,0,0.74631711,0,0.66257519,0.32555633,1,0.78538472,0.34777584
1178,198,1,Adult,1,2,8,5,0,0,0,0,0.29355319,0,0.28516402,0.29147736,1,0.29134034,0.32420168
698,116,1,Adult,1,2,10,4,1,0,0,1,0.32734156,1,0.55412314,0.43468732,1,0.24268564,0.58967056
1194,72,1,Senior,1,4,1,5,0,0,0,0,0.29355319,0,0.28516402,0.29147736,1,0.29134034,0.32420168
535,89,1,Adult,1,6,10,8,0,0,1,1,0.36788757,0,0.80025213,0.88776156,1,0.60662842,0.45668918
1090,181,1,Adult,0,5,8,8,1,0,0,0,0.19218814,1,0.119575,0.45204332,1,0.53718819,0.52868416
1325,79,1,Adult,0,4,10,6,0,1,0,0,0.62467904,0,0.29692461,0.56517946,1,0.15653153,0.22754006
1273,168,1,Adult,1,1,12,3,1,0,0,1,0.05433167,1,0.40641398,0.23922757,1,0.86096205,0.15588417
1080,133,1,Youth,1,3,12,5,0,0,0,0,0.29355319,0,0.28516402,0.29147736,1,0.29134034,0.32420168
1120,85,0,Adult,0,2,8,5,0,0,0,0,0.29355319,0,0.28516402,0.29147736,1,0.29134034,0.32420168
1287,264,1,Adult,1,2,13,4,1,0,0,0,0.23273418,1,0.76232544,0.51426242,1,0.44459363,0.20358921
1055,198,1,Adult,1,3,13,5,0,0,0,0,0.29355319,0,0.28516402,0.29147736,1,0.29134034,0.32420168
130,25,1,Adult,1,4,9,5,0,0,0,0,0.29355319,0,0.28516402,0.29147736,1,0.29134034,0.32420168
91,9,1,Adult,0,0,4,1,0,0,1,1,0.29355319,0,0.18459238,0.10918193,1,0.16251453,0.51539855
414,27,1,Adult,1,5,10,7,0,1,0,1,0.93553182,0,0.22635532,0.15250285,1,0.44784671,0.54605503
264,39,0,Adult,1,2,10,6,0,1,0,1,0.19489121,0,0.2007079,0.35766723,1,0.40703916,0.38977993
571,69,1,Senior,1,3,6,7,0,1,0,0,0.29355319,0,0.53359815,0.34555845,1,0.280253,0.42634245
686,67,1,Adult,1,6,8,5,0,0,0,0,0.29355319,0,0.28516402,0.29147736,1,0.29134034,0.32420168
1340,78,0,Senior,0,3,10,5,0,0,0,0,0.29355319,0,0.28516402,0.29147736,1,0.29134034,0.32420168
572,6,1,Adult,1,4,10,6,1,0,0,1,0.21246115,1,0.02256332,0.14373048,1,0.61941407,0.3115377
280,57,1,Adult,1,3,9,5,0,0,0,0,0.36788757,0,0.47078865,0.14109025,1,0.5573036,0.28421518
882,174,1,Adult,1,6,7,5,0,0,0,0,0.29355319,0,0.28516402,0.29147736,1,0.29134034,0.32420168
1143,236,1,Youth,0,3,9,5,0,0,0,0,0.29355319,0,0.28516402,0.29147736,1,0.29134034,0.32420168
274,25,1,Adult,1,6,9,9,0,1,0,1,0.96256261,0,0.894701,0.48277305,1,0.51941808,0.42119397
1319,201,1,Adult,1,7,12,12,0,1,0,0,0.74631711,0,0.43410173,0.77441814,1,0.160171,0.63669333
244,49,1,Adult,1,3,10,5,0,0,1,1,0.53007166,0,0.88257521,0.31542817,1,0.48309693,0.59017287
173,12,1,Youth,1,4,8,6,0,1,0,0,0.05433167,0,0.14128564,0.22795768,1,0.4927454,0.75772858
1311,83,1,Adult,1,7,9,9,0,1,0,0,0.117178,0,0.15826431,0.2853084,1,0.03441068,0.15954461
26,4,1,Adult,1,3,14,5,0,0,0,1,0.53007166,1,0.99425263,0.20101676,1,0.96784529,0.4583216
618,116,1,Adult,1,2,5,5,0,0,0,0,0.29355319,0,0.28516402,0.29147736,1,0.29134034,0.32420168
788,115,1,Adult,1,2,10,4,1,0,0,0,0.09352616,1,0.18225997,0.95254723,1,0.12459056,0.12072489
1298,129,1,Adult,1,2,5,4,0,1,0,0,0.12461145,0,0.19693433,0.33418828,1,0.5816272,0.10706886
123,21,1,Youth,1,4,12,6,1,0,0,0,0.05433167,1,0.50064437,0.94061214,1,0.75873127,0.64963569
652,41,1,Adult,1,3,9,5,0,0,0,0,0.29355319,0,0.28516402,0.29147736,1,0.29134034,0.32420168
510,73,1,Youth,0,0,9,5,0,0,0,0,0.29355319,0,0.28516402,0.29147736,1,0.29134034,0.32420168
397,50,1,Adult,1,6,8,8,1,0,0,1,0.71617791,1,0.21194827,0.02870562,1,0.53892304,0.19924962
851,28,1,Senior,0,2,1,4,0,1,0,0,0.00189215,0,0.61168021,0.10333522,1,0.51566274,0.13329784
291,44,0,Adult,1,4,10,5,0,0,0,0,0.29355319,0,0.28516402,0.29147736,1,0.29134034,0.32420168
982,168,1,Adult,0,3,1,5,0,0,0,0,0.29355319,0,0.28516402,0.29147736,1,0.29134034,0.32420168
1135,85,1,Senior,0,0,1,5,0,0,0,0,0.29355319,0,0.28516402,0.29147736,1,0.29134034,0.32420168
455,24,1,Youth,1,3,3,5,1,0,0,0,0.12461145,1,0.43117516,0.47287512,1,0.40976555,0.3699185
990,184,1,Adult,1,3,10,5,0,0,0,0,0.29355319,0,0.28516402,0.29147736,1,0.29134034,0.32420168
523,95,1,Adult,1,2,10,4,0,0,0,1,0.11285309,0,0.081511,0.27810359,1,0.41805007,0.15013502
1381,269,1,Youth,1,3,10,5,1,0,0,0,0.80037847,1,0.23557176,0.41993238,1,0.2942144,0.4018558
385,24,1,Youth,1,2,10,5,0,0,0,0,0.29355319,0,0.28516402,0.29147736,1,0.29134034,0.32420168
767,116,1,Youth,1,2,8,4,0,0,0,0,0.14488446,0,0.28361564,0.58509058,1,0.38839037,0.49737469
956,179,1,Senior,0,0,1,5,0,0,0,0,0.29355319,0,0.28516402,0.29147736,1,0.29134034,0.32420168
516,104,1,Adult,1,2,8,4,0,0,0,1,0.74631711,0,0.17943517,0.42016262,1,0.54928764,0.5062171
473,60,0,Adult,0,2,9,4,1,0,0,0,0.61656985,1,0.55124325,0.1335816,1,0.47264199,0.19507956
1300,15,1,Youth,1,3,9,5,0,1,0,0,0.58953915,0,0.14107778,0.98342658,1,0.2357916,0.75220338
670,41,1,Adult,0,9,8,5,0,0,0,0,0.29355319,0,0.28516402,0.29147736,1,0.29134034,0.32420168
663,63,1,Adult,1,5,9,7,0,1,0,1,0.00567644,0,0.31528907,0.20724097,1,0.17141282,0.28796144
1030,171,1,Youth,1,2,9,4,0,1,0,0,0.25976485,0,0.16974858,0.62698429,1,0.80050685,0.75940289
64,12,1,Adult,1,7,10,9,0,0,1,1,0.42194894,0,0.42803693,0.73954503,1,0.78786625,0.34322384
362,6,1,Adult,1,2,1,5,0,1,0,0,0.43276126,0,0.3171395,0.71015037,1,0.54861912,0.27423218
21,4,1,Adult,1,2,9,5,0,0,0,0,0.29355319,0,0.28516402,0.29147736,1,0.29134034,0.32420168
760,70,1,Adult,1,0,9,5,0,0,0,0,0.29355319,0,0.28516402,0.29147736,1,0.29134034,0.32420168
640,7,1,Youth,1,0,10,2,1,0,0,1,0.53007166,1,0.16041759,0.11378564,1,0.25091976,0.68774277
991,210,1,Adult,1,7,14,5,0,0,0,0,0.29355319,0,0.28516402,0.29147736,1,0.29134034,0.32420168
343,21,1,Adult,1,3,10,5,1,0,0,0,0.50304097,1,0.29079194,0.25788178,1,0.22153389,0.72374024
1323,246,1,Senior,0,0,1,5,0,0,0,0,0.29355319,0,0.28516402,0.29147736,1,0.29134034,0.32420168
1366,45,1,Senior,0,0,1,2,0,1,0,0,0.12461145,0,0.04422068,0.74794684,1,0.33003456,0.67717377
600,20,1,Youth,1,3,5,5,0,0,0,0,0.1786728,0,0.32202725,0.83656829,1,0.17286591,0.67476694
1183,51,1,Youth,0,3,8,7,0,0,0,1,0.93553188,0,0.23180549,0.14948743,1,0.5485203,0.31686407
502,43,1,Senior,0,1,1,5,0,0,0,0,0.29355319,0,0.28516402,0.29147736,1,0.29134034,0.32420168
1025,16,1,Senior,1,3,1,5,0,1,0,0,0.18137587,0,0.38662894,0.12828733,1,0.20064892,0.39013569
239,47,1,Youth,1,2,7,5,0,0,0,0,0.29355319,0,0.28516402,0.29147736,1,0.29134034,0.32420168
45,9,1,Adult,0,3,9,5,0,0,0,0,0.29355319,0,0.28516402,0.29147736,1,0.29134034,0.32420168
1227,116,1,Youth,1,1,7,3,0,0,0,0,0.44897963,0,0.17975743,0.66623095,1,0.2357916,0.63334475
383,70,1,Adult,0,1,9,4,1,0,0,0,0.29355319,1,0.20766459,1.0,1,0.19194915,0.29838396
139,23,1,Youth,1,0,5,3,0,0,0,0,0.46249493,0,0.20902493,0.81585152,1,0.21624987,0.83738346
648,131,1,Adult,1,3,9,5,0,0,1,1,0.1786728,0,0.03151939,0.42444404,1,0.29863957,0.32266133
678,104,1,Adult,1,4,8,6,1,0,0,0,0.2732802,1,0.66756868,0.19791844,1,0.35128564,0.54469463
445,30,1,Adult,0,4,7,5,0,0,0,0,0.29355319,0,0.28516402,0.29147736,1,0.29134034,0.32420168
827,169,1,Adult,1,6,8,8,1,0,0,1,0.50844713,1,0.18620403,0.41035669,1,0.2622659,0.58189342
1240,80,1,Youth,1,4,10,6,0,1,0,1,0.34626303,0,0.13523932,6.225e-05,1,0.7118709,0.21462703
1301,51,1,Adult,1,5,10,7,0,0,1,1,0.29355319,0,0.01098522,0.43443408,1,0.22378361,0.20859954
1376,131,1,Adult,0,4,10,5,0,0,0,0,0.29355319,0,0.28516402,0.29147736,1,0.29134034,0.32420168
134,18,1,Youth,1,2,10,4,0,1,0,0,0.14893904,0,0.07943987,8.38e-06,1,0.45100921,0.55782955
155,4,1,Youth,1,3,10,5,0,0,0,0,0.29355319,0,0.28516402,0.29147736,1,0.29134034,0.32420168
1049,23,1,Senior,0,0,1,5,0,0,0,0,0.29355319,0,0.28516402,0.29147736,1,0.29134034,0.32420168
631,39,1,Adult,1,3,10,5,0,0,0,0,0.29355319,0,0.28516402,0.29147736,1,0.29134034,0.32420168
293,20,1,Adult,1,3,9,5,1,0,0,0,0.05433167,1,0.30380415,0.86188871,1,0.14679942,0.14254835
839,20,1,Adult,0,2,8,5,0,0,0,0,0.29355319,0,0.28516402,0.29147736,1,0.29134034,0.32420168
949,15,1,Youth,1,1,10,3,0,1,0,0,0.09758076,0,0.27833872,0.69845695,1,0.14940976,0.84435272
662,136,1,Senior,0,0,6,1,0,0,0,0,0.53007166,0,0.11112667,0.45906394,1,0.5994644,0.61993356
444,41,1,Youth,1,2,14,4,1,0,0,0,0.09352616,1,0.70032109,0.16727731,1,0.56766583,0.35529451
16,3,1,Adult,0,4,10,6,0,0,0,0,0.42194894,1,0.23306921,0.10361143,1,0.32690957,0.49770956
1162,75,1,Youth,1,2,10,4,1,0,0,0,0.29355319,1,0.18874878,0.34397118,1,0.3382557,0.33550323
335,11,1,Youth,1,4,9,6,0,0,1,1,0.47601029,0,0.20386442,0.01358127,1,0.58191085,0.55907271
266,15,1,Youth,1,5,10,7,0,1,0,0,0.00567644,0,0.70473203,0.66038427,1,0.5248642,0.53496276
817,80,0,Adult,0,0,14,5,0,0,0,0,0.29355319,0,0.28516402,0.29147736,1,0.29134034,0.32420168
1185,173,1,Adult,1,3,5,5,0,0,0,0,0.54358701,0,0.20934411,0.6229561,1,0.53535787,0.35288248
135,20,1,Youth,1,3,9,5,0,0,0,1,0.29355319,1,0.0329567,0.07327298,1,0.42220131,0.6768598
421,24,1,Adult,1,5,9,7,0,1,0,0,0.23543724,0,0.2407724,0.0433949,1,0.2596386,0.2183105
74,11,1,Adult,1,7,10,9,0,1,0,0,0.45438574,0,0.14073882,0.03731801,1,0.26450589,0.33810674
1373,214,1,Adult,0,4,9,6,0,0,1,1,0.53007166,0,0.9482794,0.20300555,1,0.4515724,0.05382712
97,6,1,Youth,1,4,7,5,0,0,0,0,0.29355319,0,0.28516402,0.29147736,1,0.29134034,0.32420168
345,73,0,Youth,1,2,11,5,0,0,0,0,0.29355319,0,0.28516402,0.29147736,1,0.29134034,0.32420168
126,19,1,Adult,1,2,12,5,0,1,0,0,0.17596973,0,0.68006095,0.46136583,1,0.77642668,0.29007105
628,96,1,Adult,1,5,8,7,0,1,0,1,0.12461145,0,0.36696426,0.1328312,1,0.98458507,0.24465981
889,50,1,Adult,1,7,8,9,0,1,0,0,0.69225578,0,0.34490955,0.90585407,1,0.24402729,0.21314109
884,146,1,Youth,1,2,8,4,1,0,0,0,0.05433167,1,0.83053258,0.1782376,1,0.60833787,0.87275307
388,60,1,Senior,0,0,1,2,1,0,0,0,0.54358701,1,0.45238253,0.3854046,1,0.23733365,0.28758472
970,71,1,Adult,0,3,4,5,0,0,0,0,0.29355319,0,0.28516402,0.29147736,1,0.29134034,0.32420168
475,5,1,Youth,1,3,10,4,1,0,0,0,0.71928642,1,0.1784003,0.7403507,1,0.57217209,0.45308943
100,17,1,Youth,1,4,6,7,0,0,0,0,0.29355319,0,0.12745933,0.52351589,1,0.19936321,0.21023198
757,126,1,Youth,1,2,10,4,0,0,0,0,0.29355319,0,0.77365136,0.18514316,1,0.42581299,0.24802934
260,53,1,Adult,1,1,10,3,0,1,0,0,0.47601032,0,0.47146643,0.38540458,1,0.37194511,0.66580942
154,28,1,Adult,0,4,8,7,0,0,0,1,0.25976485,1,0.51939449,0.79361561,1,0.29970916,0.28174978
764,12,1,Youth,1,4,7,6,0,1,0,1,0.66387359,0,0.53176338,0.16591807,1,0.17506691,0.4143126
484,74,1,Youth,1,5,6,7,1,0,0,0,0.11920531,1,0.12576708,0.2173231,1,0.18510323,0.66417699
684,124,1,Youth,1,3,10,5,0,0,0,0,0.1786728,0,0.10320394,0.80342153,1,0.21546312,0.53839509
169,29,1,Adult,1,2,12,5,0,0,0,0,0.29355319,0,0.28516402,0.29147736,1,0.29134034,0.32420168
408,72,1,Adult,0,0,6,5,0,0,0,0,0.29355319,0,0.28516402,0.29147736,1,0.29134034,0.32420168
1208,20,1,Adult,1,0,1,2,0,1,0,0,0.11244764,0,0.26613367,0.95994771,1,0.2228576,0.86521871
815,99,1,Adult,0,2,8,4,1,0,0,0,0.13947832,1,0.85147738,0.17287427,1,0.63420052,0.37176021
885,75,1,Youth,1,3,10,5,0,0,0,0,0.29355319,0,0.28516402,0.29147736,1,0.29134034,0.32420168
548,32,1,Adult,0,2,4,5,0,1,0,1,0.54629009,0,0.19074225,0.43068208,1,0.19728229,0.19640854
730,10,1,Senior,1,4,12,5,0,0,0,0,0.29355319,0,0.28516402,0.29147736,1,0.29134034,0.32420168
690,125,1,Adult,1,3,6,5,0,0,1,1,0.29355319,0,0.88396629,0.32353071,1,0.46689388,0.26322363
215,29,1,Adult,0,5,3,7,0,0,1,1,0.13812679,0,0.1261112,0.45707284,1,0.66184559,0.35848093
613,130,1,Adult,0,5,5,5,0,0,0,0,0.29355319,0,0.28516402,0.29147736,1,0.29134034,0.32420168
356,36,1,Adult,1,5,9,7,1,0,0,1,0.29355319,1,0.19129354,0.20420252,1,0.57642689,0.20081403
209,33,1,Adult,1,4,10,6,0,0,1,1,0.42194894,0,0.41743392,0.25574107,1,0.28174416,0.73132484
737,97,1,Youth,1,0,10,2,1,0,0,0,0.36788757,1,0.49038229,0.21391635,1,0.90278495,0.62972823
914,180,1,Adult,0,7,6,5,0,0,0,0,0.29355319,0,0.28516402,0.29147736,1,0.29134034,0.32420168
373,74,1,Youth,1,0,7,5,0,0,0,0,0.29355319,0,0.28516402,0.29147736,1,0.29134034,0.32420168
639,49,1,Adult,1,3,3,5,0,0,1,1,0.53007166,0,0.2810287,0.95529796,1,0.51966409,0.39490743
716,41,1,Adult,1,2,9,5,0,1,0,0,0.05433167,0,0.3405837,0.21697781,1,0.24332645,0.12371246
705,107,1,Adult,1,6,14,10,0,0,0,0,0.10731181,0,0.16383621,0.15936238,1,0.06285143,0.0925286
1363,104,1,Youth,0,1,10,5,0,0,0,0,0.29355319,0,0.28516402,0.29147736,1,0.29134034,0.32420168
95,14,1,Adult,1,4,7,6,0,1,0,0,0.42194894,0,0.9789014,0.81999496,1,0.51786206,0.82670981
771,61,1,Adult,1,0,2,5,0,0,0,0,0.29355319,0,0.28516402,0.29147736,1,0.29134034,0.32420168
1108,135,1,Adult,1,4,10,5,0,0,0,0,0.29355319,0,0.28516402,0.29147736,1,0.29134034,0.32420168
238,49,1,Youth,0,3,10,5,0,0,0,0,0.29355319,0,0.96624363,0.17547536,1,0.72367504,0.86986489
1255,234,1,Youth,1,2,8,4,0,0,0,0,0.25435872,0,0.16050267,0.30345853,1,0.16402734,0.2145182
1398,70,1,Adult,0,4,9,5,1,0,0,0,0.82740924,1,0.25430914,0.55827391,1,0.63216519,0.2421693
38,1,1,Adult,1,5,10,7,0,1,0,1,0.19759428,0,0.27787315,0.38599614,1,0.38567306,0.75326027
1213,202,1,Youth,1,3,5,5,1,0,0,0,0.93553188,1,0.96624363,0.91828409,1,0.62334737,0.59544692
1184,162,1,Senior,0,2,5,3,0,0,1,1,0.1354237,0,0.15485748,0.53042149,1,0.15279677,0.57263454
1211,62,1,Adult,1,1,10,3,1,0,0,0,0.29355319,1,0.15029812,0.34555845,1,0.85196449,0.45961919
226,33,1,Adult,0,7,1,8,0,0,1,1,0.42194894,0,0.99067431,0.3331801,1,0.50480959,0.38959154
1309,15,1,Adult,1,5,7,7,0,1,0,0,0.3408569,0,0.89860674,0.66392912,1,0.48210153,0.51378284
703,23,1,Senior,1,1,5,2,0,1,0,0,0.25976485,0,0.90177759,0.60177896,1,0.6480342,0.20135819
29,3,1,Adult,0,3,9,5,0,0,1,1,0.20570349,0,0.14710036,0.14977745,1,0.13494461,0.2130783
230,13,1,Adult,1,3,10,5,1,0,0,0,0.02189485,1,0.03793204,0.02417441,1,0.35492594,0.59247501
1261,239,1,Adult,1,8,10,5,0,0,0,0,0.29355319,0,0.28516402,0.29147736,1,0.29134034,0.32420168
1125,70,0,Adult,1,0,8,5,0,0,0,0,0.29355319,0,0.28516402,0.29147736,1,0.29134034,0.32420168
133,3,1,Senior,0,0,1,1,0,1,0,0,0.25976485,0,0.52558473,0.22887841,1,0.48896716,0.41232017
835,168,0,Adult,1,5,8,7,0,0,0,1,0.1029869,0,0.49515256,0.47269095,1,0.14791532,0.01973834
1277,257,1,Adult,1,3,10,5,0,0,1,1,0.53007166,0,0.51219391,0.7000682,1,0.30323795,0.43973691
1425,92,1,Adult,1,7,6,9,0,1,0,1,0.82470607,0,0.22444693,0.15085702,1,0.94554168,0.29216811
393,31,1,Senior,0,0,1,5,0,0,0,0,0.29355319,0,0.28516402,0.29147736,1,0.29134034,0.32420168
167,12,1,Youth,0,3,10,5,0,0,0,0,0.29355319,0,0.28516402,0.29147736,1,0.29134034,0.32420168
447,25,1,Adult,1,2,10,4,1,0,0,1,0.09082309,1,0.24494046,0.25684596,1,0.3084174,0.70599687
927,152,1,Adult,0,4,9,5,0,0,0,0,0.29355319,0,0.28516402,0.29147736,1,0.29134034,0.32420168
116,18,1,Adult,1,0,12,4,0,1,0,1,0.09758076,0,0.61592232,0.45607153,1,0.3795043,0.4293252
433,25,1,Senior,0,0,1,1,1,0,0,0,0.29355319,1,0.5858107,0.49589366,1,0.32834879,0.63039794
977,96,1,Youth,1,2,7,5,0,0,0,0,0.29355319,0,0.28516402,0.29147736,1,0.29134034,0.32420168
801,164,1,Adult,1,3,10,5,0,1,0,0,0.23273416,0,0.04086275,0.76410584,1,0.48918351,0.48862644
532,48,1,Senior,1,0,8,3,1,0,0,0,0.09758076,1,0.3318296,0.81723262,1,0.39280334,0.62001726
1275,218,1,Adult,1,11,10,5,0,0,0,0,0.29355319,0,0.28516402,0.29147736,1,0.29134034,0.32420168
159,29,1,Senior,1,2,12,5,0,0,0,0,0.11244764,0,0.60451086,0.24754646,1,0.60058717,0.23652899
1321,250,1,Youth,1,2,11,5,0,0,0,0,0.29355319,0,0.28516402,0.29147736,1,0.29134034,0.32420168
848,78,1,Adult,1,0,14,5,0,0,0,0,0.29355319,0,0.28516402,0.29147736,1,0.29134034,0.32420168
1291,66,1,Youth,0,2,10,4,0,1,0,0,0.16245439,0,0.14403827,0.64597458,1,0.62010406,0.47812023
594,111,1,Adult,1,3,10,5,0,0,1,1,0.09758076,0,0.35865082,0.51297571,1,0.62903352,0.12611927
837,28,1,Youth,1,3,6,6,0,0,0,0,0.25976485,0,0.1705966,0.18924047,1,0.12159713,0.35694268
308,27,1,Youth,1,4,10,5,0,0,0,0,0.29355319,0,0.28516402,0.29147736,1,0.29134034,0.32420168
490,49,1,Adult,0,0,1,1,0,0,0,0,0.25976485,0,0.20070891,0.02171143,1,0.25549495,0.06197259
245,41,1,Youth,1,2,10,5,0,0,1,1,0.79564813,0,0.09707378,0.65705802,1,0.62334925,0.175575
87,17,1,Adult,1,2,8,5,0,0,0,0,0.29355319,0,0.28516402,0.29147736,1,0.29134034,0.32420168
398,51,1,Adult,1,4,10,7,0,0,1,0,0.14082985,0,0.31101374,0.56679083,1,0.0,0.22758193
1354,71,1,Adult,1,5,9,7,0,1,0,0,0.90444665,0,0.11024026,0.79202736,1,0.94037897,0.67913061
472,30,1,Adult,1,4,9,7,1,0,0,0,1.0,1,0.2171726,0.0,1,0.32644297,0.55448984
830,50,1,Youth,1,3,10,5,0,1,0,0,0.18407895,0,0.40343815,0.26916087,1,0.21735147,0.49279131
740,58,1,Youth,1,4,7,5,0,0,0,0,0.29355319,0,0.28516402,0.29147736,1,0.29134034,0.32420168
301,23,1,Adult,1,2,10,4,1,0,0,0,0.66522508,1,0.00362336,0.47885989,1,0.4702393,0.93281865
597,91,1,Adult,0,3,8,4,0,1,0,0,0.1827274,0,0.48998838,0.97540461,1,0.3607853,0.44330523
934,23,1,Adult,1,5,9,5,0,0,0,0,0.29355319,0,0.28516402,0.29147736,1,0.29134034,0.32420168
552,92,1,Adult,1,4,14,6,0,1,0,1,0.94364106,0,0.25566202,0.13020708,1,0.61089657,0.42641988
857,70,1,Youth,1,4,11,6,0,1,0,1,0.18624139,0,0.59150448,0.01724956,1,0.21973211,0.58453904
593,38,1,Adult,0,3,6,5,1,0,0,0,0.25435872,1,0.04004447,0.11148379,1,0.27089325,0.18917764
1045,193,1,Youth,1,2,9,4,0,1,0,0,0.0,0,0.07512065,0.24176879,1,0.66603788,0.38201532
505,77,1,Adult,1,8,9,10,0,0,0,0,0.16245439,0,0.67040188,0.60205521,1,0.15103594,0.84265748
1409,251,1,Senior,1,3,1,7,0,1,0,0,0.00567644,0,0.34749453,0.2003354,1,0.28404486,0.68941705
382,33,0,Adult,1,2,11,5,0,0,0,0,0.29355319,0,0.28516402,0.29147736,1,0.29134034,0.32420168
779,49,0,Senior,0,0,4,1,0,0,0,0,0.40843364,0,0.96624371,0.28642479,1,0.63563525,0.22124052
1074,97,1,Senior,0,0,4,1,0,0,0,0,0.29355319,0,0.24863645,0.34555845,1,0.21292825,0.3899264
929,169,1,Youth,1,4,8,6,0,1,0,0,0.2570618,0,0.72622269,0.18169038,1,0.607737,0.20257207
883,30,1,Adult,1,4,7,8,0,1,0,1,0.23773483,0,0.50303,0.55449542,1,0.28696789,0.28067874
1320,270,1,Youth,1,3,9,5,0,1,0,1,0.09758076,0,0.43190361,0.26713525,1,0.11120665,0.03406408
1266,83,1,Adult,1,2,7,4,0,1,0,0,0.85443982,0,0.17949774,0.33918332,1,0.52035046,0.57975033
858,77,1,Adult,1,4,7,6,0,1,0,0,0.24219491,0,0.06051245,0.26087421,1,0.15698062,0.05253373
972,139,1,Adult,1,5,10,7,0,0,0,0,0.53007166,0,0.12124103,0.53916849,1,0.29094933,0.61114347
1062,214,1,Adult,1,4,12,6,0,0,0,1,0.53007166,0,0.50800882,0.56112819,1,0.24666163,0.79184248
28,3,1,Adult,1,2,5,4,0,1,0,0,0.26652253,0,0.16788237,0.42177393,1,0.06850662,0.29236486
201,12,1,Adult,0,0,7,5,0,0,0,0,0.29355319,0,0.28516402,0.29147736,1,0.29134034,0.32420168
1408,93,1,Adult,1,3,10,5,0,0,0,0,0.29355319,0,0.28516402,0.29147736,1,0.29134034,0.32420168
893,184,1,Senior,0,0,1,1,0,1,0,0,0.11650224,0,0.4666315,0.10688008,1,0.366266,0.29256577
44,2,1,Adult,1,4,7,6,1,0,0,0,0.13136912,1,0.44225654,0.10714479,0,0.42263872,0.62529656
610,116,1,Adult,1,3,9,5,0,0,0,0,0.29355319,0,0.28516402,0.29147736,0,0.29134034,0.32420168
845,28,1,Adult,1,4,12,6,1,0,0,0,0.17867279,1,0.3147417,0.36698972,0,0.15658369,0.5579844
811,134,1,Adult,0,1,5,4,0,1,0,0,0.1786728,0,0.13068264,0.55344001,0,0.20125423,0.0
176,30,1,Youth,1,2,10,4,1,0,0,0,0.29720233,1,0.50190183,0.26567356,0,0.23801993,0.59855479
1063,83,1,Adult,1,4,10,5,0,0,0,0,0.29355319,0,0.28516402,0.29147736,0,0.29134034,0.32420168
1262,173,1,Senior,1,1,5,3,1,0,0,0,0.29355319,1,0.24028777,0.27767774,0,0.57377947,0.6261285
147,14,1,Adult,1,4,11,6,0,1,0,0,0.21246116,0,0.31929327,0.02268971,0,0.59722812,0.11586417
1051,34,0,Adult,0,0,7,1,1,0,0,0,0.20570349,1,0.00960175,0.14499879,0,0.46481449,0.35685894
1091,157,1,Youth,1,3,6,5,0,1,0,1,0.14082985,0,0.11883428,0.04102859,0,0.63900977,0.25921368
1423,92,1,Adult,1,2,10,4,0,1,0,0,0.24895258,0,0.01359609,0.22795768,0,0.2357916,0.43010964
562,47,1,Adult,1,2,10,5,0,0,0,0,0.29355319,0,0.28516402,0.29147736,0,0.29134034,0.32420168
954,71,0,Senior,0,0,9,2,1,0,0,0,0.36788757,1,0.18427005,0.59717525,0,0.25980757,0.2791295
910,187,1,Senior,1,4,6,6,0,1,0,0,0.39491825,0,0.00365602,0.33250792,0,0.23753251,0.30309293
347,29,1,Adult,1,4,14,7,0,0,1,1,0.29355319,0,0.31863137,0.1882562,0,1.0,0.35351033
559,99,1,Youth,1,3,10,5,0,0,0,0,0.29355319,0,0.28516402,0.29147736,0,0.29134034,0.32420168
1297,236,0,Adult,0,1,10,2,0,0,0,0,0.29355319,0,0.16037093,0.23071989,0,0.19908931,0.57075095
812,130,1,Youth,1,2,11,5,0,0,0,0,0.29355319,0,0.28516402,0.29147736,0,0.29134034,0.32420168
723,24,1,Adult,1,5,10,8,0,0,0,0,0.53007166,0,0.22110078,0.19665243,0,0.26122584,0.26971154
854,129,1,Adult,1,2,9,5,0,0,0,0,0.29355319,0,0.28516402,0.29147736,0,0.29134034,0.32420168
537,54,1,Youth,1,3,9,5,0,0,1,0,0.32734156,0,0.11635886,0.10469101,0,0.52920452,0.34175885
1351,70,1,Adult,0,3,1,6,0,1,0,0,0.12461145,0,0.10938771,0.01172137,0,0.56546215,0.45292202
881,10,1,Adult,0,3,10,5,0,0,0,0,0.51655632,0,0.87253177,0.21034847,0,0.40335136,0.63228153
1406,137,1,Adult,1,4,9,6,0,0,1,1,0.13812677,0,0.81163246,0.490192,0,0.4471499,0.26971992
82,17,1,Adult,1,4,9,5,0,0,0,0,0.29355319,0,0.28516402,0.29147736,0,0.29134034,0.32420168
871,14,1,Adult,1,2,9,4,0,1,0,0,0.77537514,0,0.42641254,0.21446306,0,0.2041331,0.40241564
206,17,1,Youth,1,4,8,6,0,0,1,1,0.20570349,0,0.29363345,0.03499313,0,0.60526496,0.23430005
768,17,1,Youth,1,1,10,5,0,0,0,0,0.29355319,0,0.28516402,0.29147736,0,0.29134034,0.32420168
694,100,1,Adult,1,1,4,3,0,0,0,1,0.29355319,0,0.13781227,0.26110438,0,0.11486397,0.4034631
874,74,1,Senior,0,2,1,5,0,0,0,0,0.29355319,0,0.28516402,0.29147736,0,0.29134034,0.32420168
733,8,1,Adult,1,3,9,5,1,0,0,1,0.12461145,1,0.39960961,0.47287509,0,0.18179948,0.14526909
318,6,1,Senior,1,5,7,7,1,0,0,0,0.11109611,1,0.9471597,0.69960787,0,0.43778189,0.27063243
731,67,1,Youth,1,2,4,5,0,0,0,0,0.29355319,0,0.28516402,0.29147736,0,0.29134034,0.32420168
711,50,1,Adult,1,3,10,5,0,0,1,1,0.46249493,0,0.23803145,0.40151757,0,0.5773724,0.41274712
772,66,1,Adult,1,3,9,5,0,0,0,0,0.29355319,0,0.28516402,0.29147736,0,0.29134034,0.32420168
150,31,1,Adult,0,3,8,4,0,0,0,0,0.80037845,1,0.10324682,0.29494167,0,0.57109674,0.37134166
659,59,1,Adult,1,4,8,5,0,0,0,0,0.29355319,0,0.28516402,0.29147736,0,0.29134034,0.32420168
1270,114,1,Adult,1,0,9,3,0,1,0,0,0.10271659,0,0.83130426,0.15912989,0,0.38956499,0.71176901
247,24,1,Adult,1,4,8,5,0,0,0,0,0.29355319,0,0.28516402,0.29147736,0,0.29134034,0.32420168
1204,74,1,Adult,0,1,6,5,0,0,0,0,0.29355319,0,0.28516402,0.29147736,0,0.29134034,0.32420168
1393,114,1,Adult,0,2,9,3,0,1,0,1,0.72739566,0,0.45562494,0.29429714,0,0.24774548,0.11513167
528,81,1,Adult,1,5,11,7,0,1,0,0,0.1029869,0,0.75087442,0.56610028,0,0.35571978,0.42699125
650,129,1,Adult,1,5,9,5,0,0,0,0,0.29355319,0,0.28516402,0.29147736,0,0.29134034,0.32420168
1232,73,1,Adult,1,5,8,5,0,0,0,0,0.29355319,0,0.28516402,0.29147736,0,0.29134034,0.32420168
1176,68,0,Senior,0,0,10,1,0,1,0,0,0.80037845,0,0.23819262,0.68924949,0,0.60413035,0.36543974
1004,166,1,Youth,1,3,9,5,0,1,0,0,0.17191513,0,0.18725166,0.84462474,0,0.27050718,0.34927225
803,53,1,Adult,1,2,9,4,0,0,0,1,0.71928642,0,0.8188306,0.07610428,0,0.43813569,0.74630147
704,64,1,Youth,1,3,10,5,0,0,0,0,0.29355319,0,0.28516402,0.29147736,0,0.29134034,0.32420168
464,64,1,Adult,1,4,10,6,0,0,0,0,0.29355319,1,0.05291619,0.24729327,0,0.27280138,0.62575175
612,92,1,Adult,1,3,4,5,0,0,0,0,0.29355319,0,0.28516402,0.29147736,0,0.29134034,0.32420168
1289,79,0,Youth,0,0,10,5,0,0,0,0,0.29355319,0,0.28516402,0.29147736,0,0.29134034,0.32420168
766,54,1,Adult,1,1,9,3,1,0,0,0,0.47601032,1,0.14413161,0.41302685,0,0.17756765,0.25543813
1072,42,1,Youth,1,2,10,4,0,1,0,0,0.34288421,0,0.1488393,0.11792898,0,0.09535022,0.45937643
361,52,1,Adult,1,3,7,5,0,0,0,0,0.29355319,0,0.28516402,0.29147736,0,0.29134034,0.32420168
1058,93,1,Youth,1,1,8,5,0,0,0,0,0.29355319,0,0.28516402,0.29147736,0,0.29134034,0.32420168
15,1,1,Adult,0,2,10,3,0,0,1,1,0.14082985,0,0.32825012,0.0721727,0,0.1468704,0.11941369
745,62,1,Adult,0,1,6,5,0,0,0,0,0.29355319,0,0.28516402,0.29147736,0,0.29134034,0.32420168
1215,81,1,Adult,0,0,10,3,0,1,0,0,0.98959331,0,0.15914557,0.80894599,0,0.77609983,1.0
1283,80,1,Adult,0,0,9,1,0,1,0,0,0.11109611,0,1.0,0.16698153,0,0.54631365,0.38333383
986,89,1,Adult,1,3,8,5,1,0,0,0,0.12461145,1,0.10078647,0.69040043,0,0.72367504,0.16159353
1396,16,1,Adult,0,1,6,3,0,0,1,1,0.61116374,0,0.25223958,0.35490497,0,0.26377946,0.32975618
1276,267,1,Youth,1,0,10,2,1,0,0,0,0.22597648,1,0.14450894,0.08788977,0,0.23083898,0.17267531
1193,244,1,Adult,0,3,6,4,1,0,0,0,0.74631711,1,0.81016923,0.394612,0,0.39523391,0.39222857
685,114,1,Youth,1,1,7,3,1,0,0,0,0.29355319,1,0.31271874,0.34555845,0,0.30528663,0.50771802
1109,97,1,Adult,0,5,8,6,0,1,0,1,0.88147053,0,0.10187108,0.6395432,0,0.40820729,0.55631011
1279,77,1,Adult,0,4,8,5,0,0,0,0,0.29355319,0,0.28516402,0.29147736,0,0.29134034,0.32420168
84,3,1,Adult,1,7,10,9,0,1,0,1,0.55710236,0,0.99102909,0.78316519,0,0.47479147,0.3376882
450,33,1,Adult,1,8,13,5,0,0,0,0,0.29355319,0,0.28516402,0.29147736,0,0.29134034,0.32420168
796,142,1,Youth,1,4,9,6,0,0,0,1,0.25435872,0,0.24750631,0.31418515,0,0.18410663,0.2185407
965,150,1,Adult,1,4,10,7,1,0,0,0,0.41519129,1,0.73675136,0.02330776,0,0.23628942,0.75904081
153,8,1,Adult,1,2,1,5,0,1,0,0,0.7733478,0,0.55696268,0.96178916,0,0.53692859,0.90247193
1151,75,1,Adult,1,2,14,4,1,0,0,0,0.29355319,1,0.03632039,0.27491552,0,0.32183306,0.31583855
1400,249,1,Youth,1,2,10,4,0,0,0,0,0.42194894,0,0.05089395,0.03345089,0,0.25082373,0.60055349
1171,96,1,Adult,1,5,12,7,0,0,0,0,0.10217598,0,0.93354698,0.14269695,0,0.38776109,0.46262459
1337,192,1,Youth,1,3,8,5,0,0,0,0,0.02189485,0,0.23980875,0.02976792,0,0.03831679,0.33806491
1226,210,1,Youth,1,3,10,5,0,0,0,0,0.29355319,0,0.28516402,0.29147736,0,0.29134034,0.32420168
305,42,1,Adult,1,2,5,3,1,0,0,0,0.23273418,1,0.63061003,0.72377734,0,0.78486637,0.40248366
692,42,1,Youth,1,3,9,5,0,0,0,0,0.29355319,0,0.28516402,0.29147736,0,0.29134034,0.32420168
108,20,1,Adult,1,2,8,5,0,0,0,0,0.29355319,0,0.28516402,0.29147736,0,0.29134034,0.32420168
115,11,1,Adult,1,3,13,5,0,0,0,0,0.29355319,0,0.28516402,0.29147736,0,0.29134034,0.32420168
313,20,1,Youth,1,2,10,3,1,0,0,0,0.29355319,1,0.10167289,0.37325078,0,0.25646306,0.52843299
1056,61,1,Senior,0,5,5,9,0,1,0,0,0.23273416,0,0.26065406,0.25005549,0,0.23798578,0.78673585
96,8,1,Youth,1,2,9,5,0,0,0,0,0.29355319,0,0.28516402,0.29147736,0,0.29134034,0.32420168
80,7,1,Adult,0,2,9,5,0,0,0,0,0.29355319,0,0.28516402,0.29147736,0,0.29134034,0.32420168
1312,255,1,Adult,1,4,17,5,0,0,0,0,0.29355319,0,0.28516402,0.29147736,0,0.29134034,0.32420168
1160,192,1,Youth,1,3,9,5,0,0,0,1,0.42194894,0,0.39504925,0.18399225,0,0.21315298,0.46828788
424,43,0,Youth,1,0,10,2,1,0,0,0,0.44897963,1,0.23052447,0.00937486,0,0.1728116,0.65873551
957,60,1,Youth,1,2,10,4,1,0,0,1,0.00567644,1,0.28604207,0.13127973,0,0.37993323,0.32990267
1310,254,1,Adult,1,6,12,5,0,0,0,0,0.29355319,0,0.28516402,0.29147736,0,0.29134034,0.32420168
459,44,1,Adult,0,0,1,5,0,0,0,0,0.29355319,0,0.28516402,0.29147736,0,0.29134034,0.32420168
713,127,1,Youth,1,2,10,4,0,1,0,0,0.44897963,0,0.15977298,0.27261367,0,0.35584531,0.0825079
968,85,1,Youth,1,2,10,5,0,0,0,0,0.29355319,0,0.28516402,0.29147736,0,0.29134034,0.32420168
1187,172,1,Adult,1,2,10,5,0,0,0,0,0.29355319,0,0.28516402,0.29147736,0,0.29134034,0.32420168
364,66,1,Youth,1,2,8,4,0,0,0,1,0.69495881,0,0.25071297,0.76106739,0,0.27373364,0.16703501
804,150,1,Senior,0,0,5,1,0,0,0,0,0.29355319,0,0.80507842,0.34555845,0,0.62912398,0.32420168
366,33,1,Adult,1,7,9,11,0,1,0,1,0.03881606,0,0.05631345,0.68227484,0,0.41772281,0.41978129
482,83,1,Adult,0,4,10,5,0,0,0,0,0.29355319,0,0.28516402,0.29147736,0,0.29134034,0.32420168
446,74,1,Youth,1,3,9,4,0,0,1,1,0.02189485,0,0.87590806,0.00789109,0,0.64549181,0.21414985
1269,41,1,Adult,1,4,12,6,0,1,0,1,0.29355319,0,0.00998599,0.58980931,0,0.59070113,0.60653914
895,86,1,Adult,1,4,8,5,0,0,0,0,0.29355319,0,0.28516402,0.29147736,0,0.29134034,0.32420168
170,14,1,Youth,1,2,12,5,0,0,0,0,0.29355319,0,0.28516402,0.29147736,0,0.29134034,0.32420168
606,95,1,Adult,1,0,7,2,0,0,1,1,0.42194894,0,0.38217579,0.03552256,0,0.20058926,0.26665595
637,21,1,Adult,1,0,1,2,1,0,0,0,0.29355319,1,0.10273327,0.34555845,0,0.55495026,0.58079676
896,79,1,Adult,1,7,7,5,0,0,0,0,0.29355319,0,0.28516402,0.29147736,0,0.29134034,0.32420168
591,81,1,Adult,1,5,8,7,0,1,0,0,0.09825653,0,0.69665903,0.10394521,0,0.35133292,0.43829279
340,61,1,Youth,1,1,1,3,0,0,0,0,0.20570349,0,0.48744298,0.34857489,0,0.23899242,0.39327501
231,12,1,Adult,0,4,8,5,0,1,0,1,0.19218814,0,0.70007217,0.13335141,0,0.74724241,0.09577255
49,7,1,Adult,1,4,10,6,0,1,0,1,0.80037845,0,0.45384011,0.62709941,0,0.20339399,0.5036952
654,42,1,Adult,1,3,7,6,0,1,0,0,0.36788757,0,0.2119438,0.11848143,0,0.45340373,0.09342017
1248,256,1,Adult,1,2,10,4,0,0,0,1,0.12461145,1,0.21487482,0.03299052,0,0.4130823,0.8635444
891,53,1,Adult,1,5,10,7,1,0,0,0,0.09217462,1,0.45162525,0.6938532,0,0.24350797,0.55639379
805,45,1,Adult,1,6,10,8,0,1,0,0,0.35437225,0,0.230639,0.3192953,0,0.51725386,0.63525343
1023,209,1,Youth,1,4,10,6,1,0,0,0,0.76794165,1,0.48944917,0.25650068,0,0.7518191,0.43454654
853,142,1,Adult,1,1,9,3,0,1,0,0,0.01919178,0,0.02490228,0.29839444,0,0.53079106,0.32148933
749,125,1,Youth,1,2,9,4,0,0,1,1,0.84092454,0,0.22437527,0.14601161,0,0.44694068,0.78893755
81,7,1,Adult,1,1,14,5,0,0,0,0,0.29355319,0,0.28516402,0.29147736,0,0.29134034,0.32420168
24,4,1,Youth,1,2,3,4,0,0,0,1,0.47601032,0,0.79829294,0.28872666,0,0.6597293,0.65927964
431,71,1,Youth,0,3,9,5,0,0,0,0,0.29355319,0,0.28516402,0.29147736,0,0.29134034,0.32420168
985,144,1,Adult,1,2,10,4,1,0,0,0,0.47601032,1,0.02550371,0.42833421,0,0.15135246,0.30398971
360,30,1,Youth,1,2,12,5,0,0,0,0,0.29355319,0,0.28516402,0.29147736,0,0.29134034,0.32420168
432,72,1,Adult,0,5,7,6,0,0,0,0,0.02189485,0,0.20121798,0.56771155,0,0.16642036,0.17205792
658,55,1,Youth,0,6,14,5,0,0,0,0,0.29355319,0,0.28516402,0.29147736,0,0.29134034,0.32420168
127,27,1,Youth,1,1,10,3,0,0,0,0,0.24354644,1,0.02664581,0.16092763,0,0.25818372,0.59713794
1420,132,1,Adult,1,2,14,5,0,0,0,0,0.29355319,0,0.28516402,0.29147736,0,0.29134034,0.32420168
673,38,1,Youth,0,1,11,2,0,0,0,0,0.29355319,0,0.54721412,0.34555845,0,0.44474943,0.28381753
596,120,1,Adult,0,1,9,2,0,1,0,1,0.28138938,0,0.54057626,0.15470342,0,0.2184358,0.29562137
1100,66,1,Adult,1,2,6,4,1,0,0,0,0.80037845,1,0.44403768,0.29563223,0,0.21589155,0.33140955
556,81,1,Youth,1,5,10,7,1,0,0,0,0.29355319,1,0.03632039,0.34555845,0,0.35965347,0.27653432
30,3,1,Adult,0,8,14,10,0,0,1,1,0.10623057,0,0.34520253,0.17260265,0,0.94201089,0.53491254
1333,190,1,Adult,1,4,9,5,0,0,0,0,0.29355319,0,0.28516402,0.29147736,0,0.29134034,0.32420168
1284,193,1,Adult,1,5,7,7,0,1,0,0,0.35977836,0,0.22413354,0.31174521,0,0.58441801,0.01136683
826,161,1,Adult,1,4,12,7,0,0,0,1,0.69225578,0,0.11912541,0.26294587,0,0.29277664,0.70532299
787,63,0,Adult,0,0,9,5,0,0,0,0,0.29355319,0,0.28516402,0.29147736,0,0.29134034,0.32420168
184,14,1,Youth,1,3,10,5,0,1,0,0,0.55710236,0,0.22483702,0.73068292,0,0.35404952,0.30678477
1115,18,1,Adult,1,7,10,9,1,0,0,0,0.21651575,1,0.96200353,0.18486694,0,0.47485567,0.61457578
233,8,1,Adult,1,3,9,7,0,1,0,0,0.09758076,0,0.70343446,0.29019986,0,0.50506777,0.42311941
311,21,1,Adult,1,6,14,8,0,0,0,0,0.50304097,1,0.17475299,0.00810746,0,0.11629856,0.89627704
508,74,1,Youth,1,4,13,5,0,0,0,0,0.29355319,0,0.28516402,0.29147736,0,0.29134034,0.32420168
491,82,1,Senior,0,0,1,1,0,0,0,0,0.29355319,0,0.2548272,0.34555845,0,0.54144299,0.44643406
545,40,1,Youth,1,1,12,3,1,0,0,0,0.29355319,1,0.01536891,0.21276542,0,0.17562182,0.50482534
214,18,0,Adult,0,1,11,5,0,0,0,0,0.29355319,0,0.28516402,0.29147736,0,0.29134034,0.32420168
793,26,1,Youth,1,1,14,3,0,0,0,0,0.18543048,0,0.11390868,0.41417779,0,0.61912593,0.48010848
981,16,1,Youth,1,3,10,5,1,0,0,0,0.13812679,1,0.17500754,0.05582492,0,0.23626435,0.57845276
1198,117,1,Youth,1,1,10,3,0,1,0,1,0.30396003,0,0.61596188,0.129055,0,0.33850134,0.56503219
989,149,1,Youth,1,3,8,5,0,1,0,0,0.11920531,0,0.36590325,0.58842827,0,0.23573602,0.44869439
218,13,1,Adult,0,7,5,8,1,0,0,0,0.11920531,1,0.90533605,0.569553,0,0.23943337,0.73533479
1389,136,1,Adult,1,5,6,9,0,1,0,0,0.29355319,0,0.37118267,0.36330677,0,0.19064151,0.15824493
407,77,0,Senior,0,0,12,5,0,0,0,0,0.29355319,0,0.28516402,0.29147736,0,0.29134034,0.32420168
994,32,1,Youth,1,2,9,4,0,0,0,0,0.42194894,0,0.11450419,0.24268955,0,0.14626207,0.36020753
950,89,1,Youth,1,1,9,3,1,0,0,0,0.02189485,1,0.15558265,0.37159343,0,0.15867016,0.90163477
569,50,1,Youth,1,2,10,5,0,0,0,0,0.29355319,0,0.28516402,0.29147736,0,0.29134034,0.32420168
831,80,1,Adult,1,3,10,5,0,0,0,0,0.29355319,0,0.28516402,0.29147736,0,0.29134034,0.32420168
868,64,1,Senior,0,0,1,2,0,1,0,1,0.42194894,0,0.46824318,0.22680674,0,0.41449311,0.54655729
739,113,1,Youth,1,2,10,4,0,0,0,1,0.20435196,0,0.30928373,0.79000165,0,0.25569387,0.53138396
372,37,1,Adult,1,3,10,5,0,1,0,1,0.01243411,0,0.57083772,0.13939148,0,0.58290127,0.16353991
576,34,1,Adult,1,6,9,5,0,0,0,0,0.29355319,0,0.28516402,0.29147736,0,0.29134034,0.32420168
478,72,1,Adult,1,2,14,4,1,0,0,0,0.09217462,1,0.04470046,0.99907922,0,0.2041751,0.61152017
1365,116,1,Adult,1,4,10,5,0,0,0,0,0.29355319,0,0.28516402,0.29147736,0,0.29134034,0.32420168
324,17,1,Youth,1,2,9,4,0,0,0,0,0.15569673,0,0.17872265,0.58221322,0,0.555342,0.7274028
1223,90,1,Adult,0,7,10,10,0,0,1,1,0.64360054,0,0.74445345,0.20590589,0,0.33199349,0.40502862
529,48,0,Adult,1,2,10,4,0,0,0,1,0.2462495,0,0.18103845,0.22185777,0,0.17122374,0.05445498
978,202,1,Youth,1,3,11,5,0,0,0,0,0.29355319,0,0.28516402,0.29147736,0,0.29134034,0.32420168
468,94,1,Adult,1,2,9,4,0,0,1,1,0.44897963,0,0.26372454,0.65172922,0,0.39214392,0.43207692
1112,13,1,Adult,1,0,4,3,0,1,0,1,0.82470607,0,0.36707816,0.56034561,0,0.63362672,0.37339268
326,61,1,Youth,0,4,9,5,0,0,0,0,0.29355319,0,0.28516402,0.29147736,0,0.29134034,0.32420168
822,14,1,Adult,1,3,9,5,1,0,0,0,0.02189485,1,0.29952878,0.11194416,0,0.18202128,0.53872992
1163,76,1,Adult,1,6,10,11,0,1,0,1,0.44627655,0,0.74324222,0.27901283,0,0.48151585,0.67351121
755,72,0,Adult,1,7,10,5,0,0,0,0,0.29355319,0,0.28516402,0.29147736,0,0.29134034,0.32420168
862,76,1,Youth,1,5,8,5,0,0,0,0,0.29355319,0,0.28516402,0.29147736,0,0.29134034,0.32420168
794,116,1,Senior,1,0,1,2,0,0,0,0,0.17867279,0,0.21279628,0.50510106,0,0.15537415,0.3902194
47,5,1,Youth,1,2,10,3,1,0,0,0,0.29355319,1,0.18620403,0.34555845,0,0.2443012,0.52027077
1199,109,1,Adult,1,1,9,3,1,0,0,0,0.29355319,1,0.10960836,0.93784989,0,0.6331049,0.56987194
1121,184,0,Adult,1,3,8,5,0,0,0,0,0.29355319,0,0.28516402,0.29147736,0,0.29134034,0.32420168
1195,92,1,Adult,1,4,10,6,0,1,0,0,0.02094878,0,0.62724676,0.12437418,0,0.30257389,0.17439357
917,154,1,Youth,1,5,9,5,0,0,0,0,0.29355319,0,0.28516402,0.29147736,0,0.29134034,0.32420168
336,71,0,Adult,0,4,10,5,0,0,0,0,0.29355319,0,0.28516402,0.29147736,0,0.29134034,0.32420168
695,59,0,Adult,1,5,10,5,0,0,0,0,0.29355319,0,0.28516402,0.29147736,0,0.29134034,0.32420168
1306,233,1,Adult,1,5,9,7,0,0,1,1,0.85443982,0,0.48233616,0.22786561,0,0.26738734,0.36728147
818,27,1,Adult,1,4,10,6,0,0,0,1,0.14488446,0,0.10249153,0.82260745,0,0.22352937,0.66088594
909,91,1,Adult,1,4,8,6,0,1,0,0,0.66522508,0,0.10190579,0.33108078,0,0.88801216,0.68544058
615,36,1,Adult,0,1,7,3,0,1,0,0,0.15164211,0,0.01241709,0.43167186,0,0.38326606,0.17504653
646,38,1,Adult,0,4,6,5,0,0,0,0,0.29355319,0,0.28516402,0.29147736,0,0.29134034,0.32420168
1189,16,1,Youth,1,1,10,5,0,0,0,0,0.29355319,0,0.28516402,0.29147736,0,0.29134034,0.32420168
1154,94,1,Adult,1,2,9,4,0,0,0,0,0.11001487,0,0.44234748,0.46136585,0,0.12136638,0.13232674
617,41,1,Adult,1,5,9,7,0,0,1,1,0.35437223,0,0.1167847,0.21376673,0,0.66386032,0.61445023
333,30,1,Adult,1,3,10,5,0,0,0,0,0.29355319,0,0.28516402,0.29147736,0,0.29134034,0.32420168
56,7,1,Adult,1,6,8,5,0,0,0,0,0.29355319,0,0.28516402,0.29147736,0,0.29134034,0.32420168
1411,46,0,Adult,0,1,9,2,0,0,0,0,0.22192189,0,0.17653412,0.36376714,0,0.26037487,0.36313757
191,26,1,Adult,1,6,8,8,0,1,0,1,0.34626304,0,0.32412757,0.34641114,0,0.37607613,0.10908743
672,50,1,Adult,1,5,8,5,0,0,0,0,0.29355319,0,0.28516402,0.29147736,0,0.29134034,0.32420168
416,31,1,Youth,0,1,2,5,0,0,0,0,0.29355319,0,0.28516402,0.29147736,0,0.29134034,0.32420168
1031,16,1,Adult,1,8,10,10,0,1,0,1,0.2692256,0,0.05784847,0.17741238,0,0.16576745,0.50510786
430,5,1,Adult,1,3,8,5,0,1,0,0,0.53007166,0,0.24753187,0.98388704,0,0.27833957,0.05021063
953,68,1,Youth,1,1,9,5,0,0,0,0,0.29355319,0,0.28516402,0.29147736,0,0.29134034,0.32420168
1317,188,1,Youth,1,2,10,4,0,1,0,1,0.39221519,0,0.41215766,0.52392791,0,0.22654318,0.08524947
180,17,1,Adult,1,6,9,10,0,1,0,1,0.23273418,0,0.20028489,0.9116087,0,0.13778114,0.69820716
237,20,1,Youth,0,3,9,4,0,0,0,0,0.25976485,0,0.03366967,0.25028568,0,0.26347101,0.57525064
1126,67,1,Adult,1,2,10,5,0,0,0,0,0.29355319,0,0.28516402,0.29147736,0,0.29134034,0.32420168
117,11,0,Adult,0,1,10,5,0,0,0,0,0.29355319,0,0.28516402,0.29147736,0,0.29134034,0.32420168
485,36,1,Adult,1,6,9,5,0,0,0,0,0.29355319,0,0.28516402,0.29147736,0,0.29134034,0.32420168
1144,37,1,Adult,0,1,6,2,0,0,0,0,0.59764834,0,0.33909135,0.00044689,0,0.18032404,0.53621849
423,83,1,Youth,0,1,9,5,0,0,0,0,0.29355319,0,0.28516402,0.29147736,0,0.29134034,0.32420168
1070,188,0,Adult,0,0,10,5,0,0,0,0,0.29355319,0,0.28516402,0.29147736,0,0.29134034,0.32420168
402,21,1,Adult,1,2,10,4,0,1,0,1,0.48952567,0,0.22275467,0.17938851,0,0.11112711,0.6134038
717,43,1,Adult,1,4,9,6,1,0,0,0,0.47601032,1,0.68215417,0.13390385,0,0.35227844,0.38289432
790,70,1,Adult,0,6,10,5,0,0,0,0,0.29355319,0,0.28516402,0.29147736,0,0.29134034,0.32420168
951,64,1,Adult,1,3,12,5,1,0,0,0,0.32734156,1,0.54489389,0.72630937,0,0.30200806,0.71003192
643,63,1,Youth,1,3,11,7,0,1,0,1,0.29355319,0,0.2711088,0.61466938,0,0.65445458,0.43817768
267,25,1,Youth,1,3,13,5,0,0,0,0,0.29355319,0,0.28516402,0.29147736,0,0.29134034,0.32420168
644,51,1,Adult,1,4,8,5,0,0,0,0,0.29355319,0,0.28516402,0.29147736,0,0.29134034,0.32420168
174,9,1,Adult,0,3,13,5,0,0,0,0,0.29355319,0,0.28516402,0.29147736,0,0.29134034,0.32420168
890,127,1,Adult,1,4,11,5,0,0,0,0,0.29355319,0,0.28516402,0.29147736,0,0.29134034,0.32420168
579,23,1,Youth,1,1,12,3,1,0,0,0,0.14488446,1,0.32285551,0.54365717,0,0.35145188,0.2571857
1110,169,1,Youth,1,4,10,6,1,0,0,0,0.55710236,1,0.02784227,0.26041384,0,0.21008422,0.53810208
780,71,1,Senior,0,0,1,1,0,1,0,0,0.15839979,0,0.14896657,0.14255884,0,0.272011,0.2770157
59,2,1,Adult,0,0,1,4,0,1,0,0,0.32734156,0,0.26772039,0.28642479,0,0.58209995,0.23957412
368,56,0,Adult,1,4,13,5,0,0,0,0,0.29355319,0,0.28516402,0.29147736,0,0.29134034,0.32420168
899,81,1,Adult,0,4,10,5,0,1,0,1,0.33545074,0,0.23692444,0.10395211,0,0.50600229,0.19022409
1173,209,1,Adult,1,5,14,7,0,0,0,0,0.67874043,1,0.51418295,0.67191656,0,0.49199415,0.43908809
1033,34,1,Youth,1,2,8,4,0,0,0,0,0.13812677,0,0.16470128,0.41740039,0,0.64581836,0.46845114
799,133,1,Adult,1,5,13,7,0,0,0,0,0.59764834,0,0.40003643,0.4582583,0,0.20189614,0.36314177
660,54,1,Adult,0,3,10,5,0,0,1,1,0.47601032,0,0.16322004,0.55554393,0,0.46502566,0.26724196
427,26,1,Adult,1,3,8,5,0,0,0,0,0.29355319,0,0.28516402,0.29147736,0,0.29134034,0.32420168
1267,260,1,Youth,1,6,8,8,1,0,0,0,0.29355319,1,0.13785447,0.29701334,0,0.23390057,0.4068787
621,47,1,Adult,0,1,8,5,0,0,0,0,0.29355319,0,0.28516402,0.29147736,0,0.29134034,0.32420168
1410,115,1,Adult,1,3,8,5,1,0,0,0,0.25300718,1,0.1242827,0.17133203,0,0.29665324,0.17896441
86,3,1,Youth,1,2,6,4,0,0,0,1,0.11920531,0,0.19340315,0.17094808,0,0.14262262,0.44693638
10,1,1,Adult,1,5,8,7,1,0,0,0,0.10028384,1,0.4666315,0.71456992,0,0.41638412,0.43496511
611,24,1,Adult,1,2,10,4,0,1,0,0,0.52331397,0,0.18459237,0.51545942,0,0.26084762,0.47002078
527,28,0,Adult,1,0,7,2,1,0,0,1,0.18543048,1,0.15081552,0.0094316,0,0.83703512,0.61781972
1257,263,1,Youth,1,3,10,5,0,0,0,0,0.29355319,0,0.28516402,0.29147736,0,0.29134034,0.32420168
252,9,1,Adult,0,1,1,2,0,1,0,0,0.64360054,0,0.93172108,0.05398344,0,0.90546456,0.50691824
281,12,0,Youth,1,1,10,2,0,1,0,0,0.93553188,0,0.48161477,0.21391637,0,0.24030073,0.48086189
605,7,1,Youth,1,3,6,5,0,0,0,0,0.85443982,1,0.11545251,0.11861953,0,0.21792145,0.242839
307,12,1,Youth,1,3,11,5,0,1,0,0,0.02189485,0,0.16054487,0.25005549,0,0.31981824,0.51989404
1281,42,1,Youth,1,2,10,3,0,0,0,0,0.12285445,0,0.86466852,0.26486793,0,0.42379428,0.30117795
1175,75,1,Youth,1,3,10,5,0,0,0,0,0.1786728,1,0.6807676,0.5389383,0,0.48751494,0.12626577
256,24,1,Adult,1,3,10,6,0,0,0,1,0.80037845,0,0.0753892,0.01816657,0,0.40776753,0.31081565
220,17,1,Adult,1,6,10,5,0,0,0,0,0.29355319,0,0.28516402,0.29147736,0,0.29134034,0.32420168
453,25,1,Adult,1,4,8,6,0,0,0,1,0.29355319,0,0.29128491,0.50354503,0,0.30713972,0.26071217
728,42,1,Adult,1,4,10,6,0,1,0,0,0.67333427,0,0.13717591,0.21990119,0,0.30516283,0.54955849
67,5,0,Adult,0,3,10,4,1,0,0,0,0.12190838,1,0.46930353,0.41864338,0,0.2423017,0.54630615
124,8,1,Adult,1,3,10,5,0,1,0,0,0.32734156,0,0.23777691,0.97698145,0,0.26510243,0.48268269
469,28,1,Adult,1,3,6,5,0,0,0,0,0.29355319,0,0.28516402,0.29147736,0,0.29134034,0.32420168
1073,61,1,Adult,1,4,11,8,1,0,0,0,0.20908231,1,0.69370501,0.27396027,0,0.87808747,0.35155351
381,37,1,Adult,1,6,14,8,0,1,0,0,0.09217462,0,0.03489114,0.61512971,0,0.42759249,0.4579449
246,41,0,Adult,1,6,9,10,0,1,0,1,0.53682936,0,0.44302845,0.58393961,0,0.23373692,0.74225175
193,35,1,Youth,1,3,9,5,0,0,0,0,0.29355319,0,0.28516402,0.29147736,0,0.29134034,0.32420168
940,141,1,Youth,1,2,8,4,0,1,0,0,0.11920531,0,0.34710125,0.15061532,0,0.18502323,0.39193557
1026,54,1,Adult,0,3,10,4,1,0,0,0,0.20570349,1,0.33788923,0.32564843,0,0.12940319,0.44513651
99,15,1,Adult,0,3,14,5,0,0,0,0,0.02189485,1,0.03030221,0.12078328,0,0.55106848,0.31749612
809,42,1,Adult,1,6,10,8,1,0,0,0,0.32734156,1,0.84083853,0.54379524,0,0.76532584,0.17421359
1104,100,1,Youth,1,3,10,5,0,0,1,1,0.39491825,0,0.37273166,0.1173305,0,0.66101773,0.46702799
413,57,1,Adult,1,6,7,9,0,0,0,0,0.35437223,1,0.16897216,0.33982784,0,0.26496215,0.3335443
1229,79,1,Youth,1,1,10,3,1,0,0,0,0.25976485,1,0.48790081,0.86419047,0,0.12950854,0.38193162
682,59,1,Youth,1,1,10,5,0,0,0,0,0.29355319,0,0.28516402,0.29147736,0,0.29134034,0.32420168
546,46,1,Adult,0,1,7,5,0,0,0,0,0.29355319,0,0.28516402,0.29147736,0,0.29134034,0.32420168
725,132,1,Youth,1,1,14,3,0,0,0,0,0.25976485,0,0.17250498,0.21782949,0,0.25801109,0.67602267
219,41,1,Adult,1,5,12,5,0,0,0,0,0.29355319,0,0.28516402,0.29147736,0,0.29134034,0.32420168
542,31,1,Adult,1,2,8,8,0,1,0,0,0.14961482,0,0.11493512,0.35064657,0,0.57919494,0.40118609
257,53,1,Youth,1,3,6,5,0,0,0,0,0.29355319,0,0.28516402,0.29147736,0,0.29134034,0.32420168
765,63,1,Adult,1,5,7,7,1,0,0,0,0.50844713,1,0.27548131,0.46550915,0,0.4163948,0.4544456
1010,11,1,Adult,1,3,9,5,0,0,0,0,0.25976485,0,0.42727328,0.22887841,0,0.45124421,0.17373221
632,57,0,Adult,0,0,13,5,0,0,0,0,0.29355319,0,0.28516402,0.29147736,0,0.29134034,0.32420168
106,7,1,Adult,0,0,10,1,0,1,0,0,0.1029869,0,0.02931098,0.38540458,0,0.61451763,0.69042163
1233,41,1,Adult,1,7,11,10,0,0,0,1,0.09352616,0,0.13120819,0.42930521,0,0.66895236,0.37372859
1394,98,1,Adult,1,6,7,10,0,0,1,0,0.17853766,0,0.51805614,0.13764552,0,0.33994286,0.60835474
497,68,1,Youth,1,3,9,5,0,0,1,1,0.00567644,0,0.35323834,0.89848814,0,0.13359386,0.39984663
43,7,0,Adult,0,2,6,5,0,0,0,0,0.29355319,0,0.28516402,0.29147736,0,0.29134034,0.32420168
806,42,0,Adult,0,4,10,6,1,0,0,0,0.53007166,1,0.20152754,0.44801504,0,0.57581231,0.74691259
12,2,1,Adult,1,3,7,5,0,0,0,0,0.29355319,0,0.28516402,0.29147736,0,0.29134034,0.32420168
761,115,1,Youth,1,4,9,6,0,1,0,0,0.93553188,0,0.45884891,0.86994519,0,0.3273951,0.52734889
1053,70,1,Youth,1,3,9,5,0,0,0,0,0.29355319,0,0.28516402,0.29147736,0,0.29134034,0.32420168
1403,262,1,Adult,1,4,10,6,0,0,1,1,0.47601032,0,0.25438973,0.13427676,0,0.25587626,0.70096976
1140,64,1,Adult,1,5,12,7,0,1,0,1,0.01289364,0,0.60932538,0.13817149,0,0.423869,0.73192341
624,32,1,Adult,1,3,1,5,0,1,0,0,0.16583324,0,0.50040329,0.47262186,0,0.2299137,0.27912113
784,70,1,Youth,1,5,6,5,0,0,0,0,0.29355319,0,0.28516402,0.29147736,0,0.29134034,0.32420168
522,39,1,Youth,1,3,8,5,0,0,0,0,0.29355319,0,0.28516402,0.29147736,0,0.29134034,0.32420168
42,9,1,Adult,1,3,10,5,0,0,0,0,0.20570349,0,0.42681859,0.11737653,0,0.36027701,0.23506355
494,82,1,Adult,1,0,7,2,0,0,1,1,0.05433167,0,0.37620122,0.02106691,0,0.66303877,0.52438954
198,42,1,Adult,0,0,7,5,0,0,0,0,0.29355319,0,0.28516402,0.29147736,0,0.29134034,0.32420168
62,12,1,Adult,1,0,9,2,0,0,0,0,0.39491825,0,0.10594375,0.23808582,0,0.21792145,0.3885786
923,52,1,Adult,0,0,1,2,0,0,1,1,0.53007166,0,0.2636235,0.42039276,0,0.61513043,0.29093333
734,48,1,Adult,1,8,10,10,0,1,0,0,0.09920261,0,0.46847594,0.26428096,0,0.22077368,0.14818657
726,136,1,Adult,1,4,12,5,0,0,0,0,0.29355319,0,0.28516402,0.29147736,0,0.29134034,0.32420168
629,104,1,Adult,1,3,10,5,0,0,0,0,0.22732805,1,0.3183173,0.49359176,0,0.26955608,0.24987108
1379,46,1,Adult,1,2,10,4,0,0,1,1,0.30031088,0,0.56409423,0.13002524,0,0.418474,0.12770986
1005,52,1,Adult,0,2,8,5,0,1,0,1,0.46249493,0,0.03266142,0.33706563,0,0.0999302,0.36404588
1329,242,1,Youth,1,2,9,5,0,0,0,0,0.29355319,0,0.28516402,0.29147736,0,0.29134034,0.32420168
1024,77,1,Youth,1,2,1,5,0,0,0,0,0.29355319,0,0.28516402,0.29147736,0,0.29134034,0.32420168
486,40,1,Youth,1,3,9,5,0,0,0,0,0.29355319,0,0.28516402,0.29147736,0,0.29134034,0.32420168
1079,154,1,Adult,0,2,9,3,0,0,1,1,0.42194894,0,0.39426902,0.05731515,0,0.22062851,0.75731836
544,21,1,Adult,1,3,9,5,0,0,1,1,0.39491825,0,0.65573776,0.10227636,0,0.42247437,0.50984826
261,26,1,Youth,1,3,7,6,0,0,0,1,0.47736186,0,0.36184341,0.3026529,0,0.19272654,0.52019751
1338,85,1,Adult,1,3,1,7,0,1,0,0,0.53007166,0,0.06003565,0.14647199,0,0.30823751,0.54500857
1081,218,1,Youth,1,3,2,6,0,1,0,1,0.80037845,0,0.38557822,0.03399413,0,0.38806764,0.36317943
1161,181,1,Adult,1,0,8,3,0,0,0,1,0.47601032,0,0.10027227,0.48364318,0,0.51451078,0.38322836
770,102,1,Youth,1,3,10,5,0,1,0,0,0.05433167,0,0.11595329,0.12796507,0,0.98508026,0.51035053
40,2,1,Youth,1,1,7,3,1,0,0,0,0.09758076,1,0.54721412,0.03552256,0,0.4589321,0.3741461
609,77,1,Youth,1,3,9,5,1,0,0,0,0.42194894,1,0.38158302,0.03552256,0,0.62464436,0.15338946
1069,220,1,Adult,0,4,6,6,0,0,0,0,0.29355319,0,0.13395327,0.26676695,0,0.62464793,0.59661893
355,34,1,Adult,1,4,9,6,0,1,0,1,0.17191514,0,0.65227911,0.69663843,0,0.27508088,0.54174368
979,120,0,Adult,1,0,9,5,0,0,0,0,0.29355319,0,0.28516402,0.29147736,0,0.29134034,0.32420168
1012,65,1,Adult,0,4,10,6,0,0,1,1,0.78686314,0,0.09349184,0.36181057,0,0.4296151,0.4564326
661,60,1,Adult,1,3,10,5,1,0,0,0,0.14961482,1,0.75829906,0.38744171,0,0.41292061,0.39115071
321,49,1,Adult,1,4,9,5,0,0,0,0,0.29355319,0,0.28516402,0.29147736,0,0.29134034,0.32420168
1368,85,1,Adult,1,7,7,5,0,0,0,0,0.29355319,0,0.28516402,0.29147736,0,0.29134034,0.32420168
